{"cameraMode":{"drawMode":0,"name":"Shaded","section":"Shading Mode"},"sceneLighting":true,"audioPlay":false,"sceneViewState":{"showFog":true,"showMaterialUpdate":false,"showSkybox":true,"showFlares":true,"showImageEffects":true,"showParticleSystems":true},"in2DMode":false,"pivot":{"x":1.25886070728302,"y":-3.173097610473633,"z":11.967394828796387},"rotation":{"x":0.14698907732963563,"y":0.00804387778043747,"z":-0.0012441502185538412,"w":0.9891507029533386},"size":10.0,"orthographic":false}