{"cameraMode":{"drawMode":0,"name":"Shaded","section":"Shading Mode"},"sceneLighting":false,"audioPlay":false,"sceneViewState":{"showFog":true,"showMaterialUpdate":false,"showSkybox":false,"showFlares":true,"showImageEffects":true,"showParticleSystems":true},"in2DMode":false,"pivot":{"x":0.04805755615234375,"y":0.044730186462402347,"z":0.1728755235671997},"rotation":{"x":-0.09324870258569718,"y":-0.7587175965309143,"z":0.11142576485872269,"w":-0.6350432634353638},"size":2.598076105117798,"orthographic":false}