{"cameraMode":{"drawMode":0,"name":"Shaded","section":"Shading Mode"},"sceneLighting":true,"audioPlay":false,"sceneViewState":{"showFog":true,"showMaterialUpdate":false,"showSkybox":true,"showFlares":true,"showImageEffects":true,"showParticleSystems":true},"in2DMode":false,"pivot":{"x":-4.581758499145508,"y":3.4989426136016847,"z":2.022860050201416},"rotation":{"x":-0.0035166037268936636,"y":0.049437958747148517,"z":-0.0001699319400358945,"w":-0.9988347887992859},"size":10.0,"orthographic":false}